{	
	"finaliteiten": [
		{"Naam": "Doorstroom Finaliteit", "BijhorendeStudierichtingen": [
			{"Naam": "Latijn-moderne talen"},
			{"Naam": "Latijn-wiskunde"},
			{"Naam": "Sportwetenschappen"},
			{"Naam": "Wetenschappen-wiskunde"},
			{"Naam": "Economie-wiskunde"},
			{"Naam": "Economie-moderne talen"},
			{"Naam": "Humane wetenschappen"},
			{"Naam": "Informatica- en communicatiewetenschappen"}
		]},
		{"Naam": "Dubbele Finaliteit", "BijhorendeStudierichtingen": [
			{"Naam": "Sportbegeleiding"},
			{"Naam": "Applicatie- en databeheer"},
			{"Naam": "Gezondheidszorg"}
		]},
		{"Naam": "Arbeidsmarktgerichte Finaliteit","BijhorendeStudierichtingen": [
			{"Naam": "Basiszorg en ondersteuning"}
		]}
	]
}